AT1G01695.1	ZLC08G0008520.1	30.332	211	118	7	243	426	720	928	8.69e-19	89.7	433	962	42
AT1G07620.2	ZLC06G0004460.1	30.105	382	214	15	238	576	385	756	1.04e-22	103	578	757	59
AT1G18620.2	ZLC03G0009420.1	40.341	1113	480	37	52	1012	16	1096	0.0	578	1014	1097	95
AT1G63670.1	ZLC08G0008520.1	26.809	235	141	9	476	685	712	940	3.75e-08	57.4	689	962	30
AT1G67040.2	ZLC02G0027380.1	29.900	1000	471	44	9	827	16	966	1.02e-65	237	828	969	99
AT1G74160.1	ZLC03G0009420.1	44.190	1136	481	36	1	1023	1	1096	0.0	716	1025	1097	99
AT2G17550.1	ZLC04G0024220.1	37.853	885	378	27	1	775	1	823	3.77e-144	444	779	824	99
AT2G20240.1	ZLC06G0001840.1	36.237	861	353	27	20	693	65	916	3.31e-118	377	713	939	95
AT2G36420.1	ZLC09G0024060.1	31.528	517	231	19	8	438	4	483	8.44e-45	163	439	494	98
AT2G39435.1	ZLC05G0024210.1	32.411	253	154	5	215	461	382	623	3.99e-26	112	464	625	53
AT2G45900.1	ZLC08G0008520.1	34.106	302	189	6	407	703	629	925	3.17e-41	162	720	962	41
AT3G02170.1	ZLC03G0009420.1	31.239	1114	518	45	1	903	1	1077	2.83e-85	296	905	1097	99
AT3G05750.1	ZLC08G0015950.1	32.538	922	478	29	7	798	3	910	6.90e-109	354	801	910	99
AT3G24630.1	ZLC07G0010570.1	34.925	335	160	12	1	282	1	330	1.73e-32	135	724	972	39
AT3G53540.2	ZLC09G0019630.1	34.336	964	502	32	91	951	61	996	1.08e-119	389	955	997	90
AT3G58650.1	ZLC01G0024570.1	32.627	944	456	43	11	810	15	922	1.34e-92	311	820	924	98
AT3G61380.1	ZLC08G0008520.3	28.856	603	329	19	188	700	7	599	1.53e-50	187	718	634	71
AT3G63430.1	ZLC07G0007890.1	48.519	270	108	9	295	540	538	800	1.46e-62	219	540	800	46
AT4G00440.2	ZLC08G0008520.1	28.928	961	508	29	1	814	1	933	2.38e-84	290	835	962	97
AT4G00770.1	ZLC01G0004530.1	25.873	487	258	20	7	416	14	474	2.12e-24	105	440	480	93
AT4G11780.1	ZLC01G0004530.1	31.855	496	269	19	20	473	11	479	7.56e-46	166	473	480	96
AT4G23020.2	ZLC01G0004530.1	27.811	507	261	21	12	450	8	477	2.38e-29	120	452	480	97
AT4G25430.1	ZLC03G0024030.1	31.054	351	116	18	1	234	1	342	2.15e-19	91.7	459	750	51
AT4G28760.1	ZLC06G0001840.2	43.030	990	466	30	1	923	1	959	0.0	570	924	962	99
AT5G02390.1	ZLC10G0016260.1	29.021	889	497	25	1	833	1	811	3.69e-82	281	835	815	99
AT5G03670.1	ZLC09G0024060.1	36.545	550	237	26	3	512	2	479	9.59e-66	221	516	494	99
AT5G15580.1	ZLC02G0032550.1	29.612	1030	529	37	1	927	1	937	4.21e-90	307	927	943	100
AT5G26910.1	ZLC08G0015950.1	32.866	928	498	28	4	826	3	910	6.24e-118	380	853	910	96
AT5G42710.1	ZLC04G0003740.1	38.504	361	150	16	9	306	1	352	1.33e-49	189	807	1082	37
AT5G43880.1	ZLC09G0015500.1	36.318	994	445	37	1	825	1	975	4.83e-138	434	836	978	99
AT5G51850.1	ZLC03G0024030.1	29.519	769	319	32	1	565	1	750	1.26e-40	157	590	750	96
AT5G62170.1	ZLC03G0024030.1	33.785	811	317	38	1	652	1	750	6.71e-79	267	703	750	93
