AT3G02170.1	At3g02170	TRM1,LNG2	ZLC03G0009420.1	ZLC03G0009420	31.239	2.83e-85	296	99	highconf
AT3G02170.1	At3g02170	TRM1,LNG2	ZLC02G0032550.1	ZLC02G0032550	30.452	2.72e-82	285	99	highconf
AT5G15580.1	At5g15580	TRM2,LNG1	ZLC02G0032550.1	ZLC02G0032550	29.612	4.21e-90	307	100	highconf
AT5G15580.1	At5g15580	TRM2,LNG1	ZLC03G0009420.1	ZLC03G0009420	31.272	7.70e-83	290	99	highconf
AT1G18620.2	At1g18620	TRM3	ZLC03G0009420.1	ZLC03G0009420	40.341	0.0	578	95	highconf
AT1G18620.2	At1g18620	TRM3	ZLC02G0032550.1	ZLC02G0032550	30.962	1.50e-91	313	94	highconf
AT1G74160.1	At1g74160	TRM4	ZLC03G0009420.1	ZLC03G0009420	44.190	0.0	716	99	highconf
AT1G74160.1	At1g74160	TRM4	ZLC02G0032550.1	ZLC02G0032550	33.459	1.42e-110	365	99	highconf
AT3G63430.1	At3g63430	TRM5	ZLC07G0007890.1	ZLC07G0007890	48.519	1.46e-62	219	46	candidate
AT3G63430.1	At3g63430	TRM5	ZLC07G0007890.1	ZLC07G0007890	34.987	1.01e-31	130	46	candidate
AT3G63430.1	At3g63430	TRM5	ZLC07G0007890.2	ZLC07G0007890	39.273	1.20e-29	122	33	candidate
AT3G63430.1	At3g63430	TRM5	ZLC02G0032550.1	ZLC02G0032550	28.000	1.11e-11	68.2	40	candidate
AT3G05750.1	At3g05750	TRM6	ZLC08G0015950.1	ZLC08G0015950	32.538	6.90e-109	354	99	highconf
AT3G05750.1	At3g05750	TRM6	ZLC01G0024570.1	ZLC01G0024570	29.721	2.52e-87	296	98	highconf
AT3G58650.1	At3g58650	TRM7	ZLC01G0024570.1	ZLC01G0024570	32.627	1.34e-92	311	98	highconf
AT3G58650.1	At3g58650	TRM7	ZLC08G0015950.1	ZLC08G0015950	32.055	3.55e-92	310	98	highconf
AT5G26910.1	At5g26910	TRM8	ZLC08G0015950.1	ZLC08G0015950	32.866	6.24e-118	380	96	highconf
AT5G26910.1	At5g26910	TRM8	ZLC01G0024570.1	ZLC01G0024570	30.678	2.26e-89	303	96	highconf
AT4G00770.1	At4g00770	TRM9	ZLC01G0004530.1	ZLC01G0004530	25.873	2.12e-24	105	93	highconf
AT4G00770.1	At4g00770	TRM9	ZLC01G0015340.1	ZLC01G0015340	30.786	2.44e-24	105	95	highconf
AT4G00770.1	At4g00770	TRM9	ZLC01G0015340.2	ZLC01G0015340	35.519	1.89e-13	70.9	38	candidate
AT4G11780.1	At4g11780	TRM10	ZLC01G0004530.1	ZLC01G0004530	31.855	7.56e-46	166	96	highconf
AT4G11780.1	At4g11780	TRM10	ZLC01G0015340.1	ZLC01G0015340	28.636	3.80e-08	55.8	44	candidate
AT4G23020.2	At4g23020	TRM11	ZLC01G0004530.1	ZLC01G0004530	27.811	2.38e-29	120	97	highconf
AT4G23020.2	At4g23020	TRM11	ZLC01G0015340.1	ZLC01G0015340	25.259	1.39e-12	69.7	98	highconf
AT2G36420.1	At2g36420	TRM27	ZLC09G0024060.1	ZLC09G0024060	31.528	8.44e-45	163	98	highconf
AT2G36420.1	At2g36420	TRM27	ZLC10G0018800.1	ZLC10G0018800	44.681	1.42e-23	103	32	candidate
AT2G36420.1	At2g36420	TRM27	ZLC10G0018800.1	ZLC10G0018800	38.983	2.61e-18	87.4	54	candidate
AT5G03670.1	At5g03670	TRM28	ZLC09G0024060.1	ZLC09G0024060	36.545	9.59e-66	221	99	highconf
AT5G03670.1	At5g03670	TRM28	ZLC10G0018800.1	ZLC10G0018800	34.594	1.97e-45	167	92	highconf
AT5G03670.1	At5g03670	TRM28	ZLC01G0004530.1	ZLC01G0004530	27.500	1.10e-09	61.2	39	candidate
AT5G03670.1	At5g03670	TRM28	ZLC01G0015340.1	ZLC01G0015340	30.000	3.89e-08	56.2	39	candidate
AT2G45900.1	At2g45900	TRM13	ZLC08G0008520.2	ZLC08G0008520	34.106	1.07e-41	160	41	candidate
AT2G45900.1	At2g45900	TRM13	ZLC08G0008520.3	ZLC08G0008520	34.106	1.54e-41	161	41	candidate
AT2G45900.1	At2g45900	TRM13	ZLC08G0008520.6	ZLC08G0008520	34.106	1.73e-41	161	41	candidate
AT2G45900.1	At2g45900	TRM13	ZLC08G0008520.5	ZLC08G0008520	34.106	2.47e-41	161	41	candidate
AT2G45900.1	At2g45900	TRM13	ZLC08G0008520.1	ZLC08G0008520	34.106	3.17e-41	162	41	candidate
AT2G45900.1	At2g45900	TRM13	ZLC08G0008520.7	ZLC08G0008520	34.106	3.42e-41	162	41	candidate
AT2G45900.1	At2g45900	TRM13	ZLC08G0008520.4	ZLC08G0008520	34.106	3.75e-41	162	41	candidate
AT3G61380.1	At3g61380	TRM14	ZLC08G0008520.3	ZLC08G0008520	28.856	1.53e-50	187	71	highconf
AT3G61380.1	At3g61380	TRM14	ZLC08G0008520.6	ZLC08G0008520	28.808	6.51e-49	182	71	highconf
AT3G61380.1	At3g61380	TRM14	ZLC08G0008520.5	ZLC08G0008520	28.808	1.00e-48	183	71	highconf
AT3G61380.1	At3g61380	TRM14	ZLC08G0008520.7	ZLC08G0008520	28.808	1.08e-48	184	71	highconf
AT3G61380.1	At3g61380	TRM14	ZLC08G0008520.1	ZLC08G0008520	28.808	1.65e-48	184	71	highconf
AT3G61380.1	At3g61380	TRM14	ZLC08G0008520.4	ZLC08G0008520	28.808	2.26e-48	184	71	highconf
AT3G61380.1	At3g61380	TRM14	ZLC08G0008520.2	ZLC08G0008520	31.659	1.06e-46	174	55	candidate
AT3G61380.1	At3g61380	TRM14	ZLC01G0003110.1	ZLC01G0003110	31.855	9.64e-21	97.8	34	candidate
AT4G00440.2	At4g00440	TRM15	ZLC08G0008520.1	ZLC08G0008520	28.928	2.38e-84	290	97	highconf
AT4G00440.2	At4g00440	TRM15	ZLC08G0008520.4	ZLC08G0008520	28.271	2.87e-70	249	92	highconf
AT4G00440.2	At4g00440	TRM15	ZLC08G0008520.7	ZLC08G0008520	28.901	9.47e-66	235	75	highconf
AT4G00440.2	At4g00440	TRM15	ZLC08G0008520.5	ZLC08G0008520	29.303	2.18e-62	224	71	highconf
AT4G00440.2	At4g00440	TRM15	ZLC08G0008520.6	ZLC08G0008520	30.894	5.88e-61	218	64	candidate
AT4G00440.2	At4g00440	TRM15	ZLC08G0008520.3	ZLC08G0008520	30.619	1.17e-60	217	64	candidate
AT4G00440.2	At4g00440	TRM15	ZLC08G0008520.2	ZLC08G0008520	30.710	1.59e-51	189	56	candidate
AT1G01695.1	At1g01695	TRM33	ZLC08G0008520.1	ZLC08G0008520	30.332	8.69e-19	89.7	42	candidate
AT1G01695.1	At1g01695	TRM33	ZLC08G0008520.4	ZLC08G0008520	30.332	8.84e-19	89.7	42	candidate
AT1G01695.1	At1g01695	TRM33	ZLC08G0008520.5	ZLC08G0008520	30.332	9.86e-19	89.4	42	candidate
AT1G01695.1	At1g01695	TRM33	ZLC08G0008520.3	ZLC08G0008520	30.332	1.22e-18	89.0	42	candidate
AT1G01695.1	At1g01695	TRM33	ZLC08G0008520.6	ZLC08G0008520	30.332	1.22e-18	89.0	42	candidate
AT1G01695.1	At1g01695	TRM33	ZLC08G0008520.7	ZLC08G0008520	30.332	1.33e-18	89.0	42	candidate
AT1G01695.1	At1g01695	TRM33	ZLC08G0008520.2	ZLC08G0008520	30.332	2.30e-18	87.8	42	candidate
AT1G01695.1	At1g01695	TRM33	ZLC01G0003110.1	ZLC01G0003110	25.822	9.52e-16	80.1	94	highconf
AT2G20240.1	At2g20240	TRM17	ZLC06G0001840.1	ZLC06G0001840	36.237	3.31e-118	377	95	highconf
AT2G20240.1	At2g20240	TRM17	ZLC06G0001840.2	ZLC06G0001840	36.195	5.82e-118	377	95	highconf
AT2G20240.1	At2g20240	TRM17	ZLC06G0001840.3	ZLC06G0001840	36.311	6.97e-117	374	95	highconf
AT2G20240.1	At2g20240	TRM17	ZLC09G0015500.1	ZLC09G0015500	40.037	3.13e-73	256	65	candidate
AT2G20240.1	At2g20240	TRM17	ZLC09G0015500.1	ZLC09G0015500	39.855	6.96e-42	164	30	candidate
AT2G20240.1	At2g20240	TRM17	ZLC09G0019630.1	ZLC09G0019630	28.810	2.30e-25	112	54	candidate
AT2G20240.1	At2g20240	TRM17	ZLC09G0019630.1	ZLC09G0019630	27.049	1.26e-07	55.8	30	candidate
AT2G20240.1	At2g20240	TRM17	ZLC09G0019630.2	ZLC09G0019630	28.251	1.13e-22	104	50	candidate
AT2G20240.1	At2g20240	TRM17	ZLC09G0019630.2	ZLC09G0019630	25.389	1.06e-07	55.8	48	candidate
AT2G20240.1	At2g20240	TRM17	ZLC08G0008520.3	ZLC08G0008520	25.833	2.29e-12	70.9	30	candidate
AT2G20240.1	At2g20240	TRM17	ZLC08G0008520.6	ZLC08G0008520	25.833	2.29e-12	70.9	30	candidate
AT2G20240.1	At2g20240	TRM17	ZLC08G0008520.2	ZLC08G0008520	25.833	2.40e-12	70.5	30	candidate
AT2G20240.1	At2g20240	TRM17	ZLC08G0008520.5	ZLC08G0008520	25.941	2.60e-12	70.9	30	candidate
AT2G20240.1	At2g20240	TRM17	ZLC08G0008520.1	ZLC08G0008520	25.941	2.92e-12	70.9	30	candidate
AT2G20240.1	At2g20240	TRM17	ZLC08G0008520.4	ZLC08G0008520	25.941	3.04e-12	70.9	30	candidate
AT2G20240.1	At2g20240	TRM17	ZLC08G0008520.7	ZLC08G0008520	25.941	3.16e-12	70.5	30	candidate
AT3G53540.2	At3g53540	TRM19	ZLC09G0019630.1	ZLC09G0019630	34.336	1.08e-119	389	90	highconf
AT3G53540.2	At3g53540	TRM19	ZLC09G0019630.2	ZLC09G0019630	34.034	4.92e-115	375	89	highconf
AT3G53540.2	At3g53540	TRM19	ZLC09G0015500.1	ZLC09G0015500	32.533	4.05e-37	151	44	candidate
AT3G53540.2	At3g53540	TRM19	ZLC06G0001840.1	ZLC06G0001840	31.072	8.87e-36	147	44	candidate
AT3G53540.2	At3g53540	TRM19	ZLC06G0001840.3	ZLC06G0001840	31.004	1.13e-35	147	44	candidate
AT3G53540.2	At3g53540	TRM19	ZLC06G0001840.2	ZLC06G0001840	31.004	1.22e-35	146	44	candidate
AT4G28760.1	At4g28760	TRM20	ZLC06G0001840.2	ZLC06G0001840	43.030	0.0	570	99	highconf
AT4G28760.1	At4g28760	TRM20	ZLC06G0001840.3	ZLC06G0001840	42.799	0.0	569	99	highconf
AT4G28760.1	At4g28760	TRM20	ZLC09G0015500.1	ZLC09G0015500	41.466	0.0	561	99	highconf
AT4G28760.1	At4g28760	TRM20	ZLC06G0001840.1	ZLC06G0001840	42.916	0.0	548	98	highconf
AT4G28760.1	At4g28760	TRM20	ZLC09G0019630.1	ZLC09G0019630	31.755	1.68e-41	165	50	candidate
AT4G28760.1	At4g28760	TRM20	ZLC09G0019630.2	ZLC09G0019630	31.778	2.56e-33	139	44	candidate
AT5G43880.1	At5g43880	TRM21	ZLC09G0015500.1	ZLC09G0015500	36.318	4.83e-138	434	99	highconf
AT5G43880.1	At5g43880	TRM21	ZLC06G0001840.3	ZLC06G0001840	37.827	3.98e-133	421	95	highconf
AT5G43880.1	At5g43880	TRM21	ZLC06G0001840.2	ZLC06G0001840	37.539	8.08e-133	420	95	highconf
AT5G43880.1	At5g43880	TRM21	ZLC06G0001840.1	ZLC06G0001840	37.461	1.83e-129	410	94	highconf
AT5G43880.1	At5g43880	TRM21	ZLC09G0019630.1	ZLC09G0019630	29.783	1.06e-29	127	43	candidate
AT5G43880.1	At5g43880	TRM21	ZLC09G0019630.2	ZLC09G0019630	28.859	2.94e-24	109	42	candidate
AT5G43880.1	At5g43880	TRM21	ZLC08G0008520.3	ZLC08G0008520	25.000	5.33e-06	50.4	30	candidate
AT2G17550.1	At2g17550	TRM26	ZLC04G0024220.1	ZLC04G0024220	37.853	3.77e-144	444	99	highconf
AT2G17550.1	At2g17550	TRM26	ZLC02G0023640.1	ZLC02G0023640	43.680	1.14e-131	413	73	highconf
AT2G17550.1	At2g17550	TRM26	ZLC02G0023640.2	ZLC02G0023640	44.903	4.03e-78	266	46	candidate
AT4G25430.1	At4g25430	TRM23	ZLC03G0024030.1	ZLC03G0024030	31.054	2.15e-19	91.7	51	candidate
AT5G51850.1	At5g51850	TRM24	ZLC03G0024030.1	ZLC03G0024030	29.519	1.26e-40	157	96	highconf
AT5G51850.1	At5g51850	TRM24	ZLC03G0024030.2	ZLC03G0024030	30.150	8.45e-29	121	71	highconf
AT5G62170.1	At5g62170	TRM25	ZLC03G0024030.1	ZLC03G0024030	33.785	6.71e-79	267	93	highconf
AT5G62170.1	At5g62170	TRM25	ZLC03G0024030.2	ZLC03G0024030	33.652	1.63e-57	205	73	highconf
AT5G02390.1	At5g02390	DAU1,TRM16	ZLC10G0016260.1	ZLC10G0016260	29.021	3.69e-82	281	99	highconf
AT5G02390.1	At5g02390	DAU1,TRM16	ZLC09G0018510.1	ZLC09G0018510	33.846	4.64e-56	206	51	candidate
AT5G02390.1	At5g02390	DAU1,TRM16	ZLC06G0004460.1	ZLC06G0004460	31.980	2.20e-33	138	43	candidate
AT1G07620.2	At1g07620	ATOBGM,TRM32	ZLC06G0004460.1	ZLC06G0004460	30.105	1.04e-22	103	59	candidate
AT1G63670.1	At1g63670	TRM12	ZLC08G0008520.1	ZLC08G0008520	26.809	3.75e-08	57.4	30	candidate
AT1G63670.1	At1g63670	TRM12	ZLC08G0008520.5	ZLC08G0008520	27.234	3.80e-08	57.4	30	candidate
AT1G63670.1	At1g63670	TRM12	ZLC08G0008520.7	ZLC08G0008520	26.809	4.02e-08	57.4	30	candidate
AT1G63670.1	At1g63670	TRM12	ZLC08G0008520.4	ZLC08G0008520	26.809	4.96e-08	57.0	30	candidate
AT2G39435.1	At2g39435	TRM18	ZLC05G0024210.1	ZLC05G0024210	32.411	3.99e-26	112	53	candidate
AT2G39435.1	At2g39435	TRM18	ZLC09G0019630.2	ZLC09G0019630	33.716	2.75e-19	91.7	55	candidate
AT2G39435.1	At2g39435	TRM18	ZLC09G0019630.1	ZLC09G0019630	33.716	2.98e-19	91.7	55	candidate
AT1G67040.2	At1g67040	TRM22	ZLC02G0027380.1	ZLC02G0027380	29.900	1.02e-65	237	99	highconf
AT1G67040.2	At1g67040	TRM22	ZLC02G0027380.2	ZLC02G0027380	27.033	1.18e-39	158	89	highconf
AT5G42710.1	At5g42710	TRM30	ZLC04G0003740.1	ZLC04G0003740	38.504	1.33e-49	189	37	candidate
AT3G24630.1	At3g24630	TRM34	ZLC07G0010570.2	ZLC07G0010570	34.925	1.31e-32	135	39	candidate
AT3G24630.1	At3g24630	TRM34	ZLC07G0010570.1	ZLC07G0010570	34.925	1.73e-32	135	39	candidate
