metric	bin_start	bin_end	count	percent
qcovhsp	0	10	7	3.52
qcovhsp	10	20	13	6.53
qcovhsp	20	30	48	24.12
qcovhsp	30	40	23	11.56
qcovhsp	40	50	37	18.59
qcovhsp	50	60	12	6.03
qcovhsp	60	70	3	1.51
qcovhsp	70	80	12	6.03
qcovhsp	80	90	2	1.01
qcovhsp	90	100	41	20.60
pident	0	5	0	0.00
pident	5	10	0	0.00
pident	10	15	0	0.00
pident	15	20	0	0.00
pident	20	25	14	7.04
pident	25	30	75	37.69
pident	30	35	69	34.67
pident	35	40	25	12.56
pident	40	45	15	7.54
pident	45	50	1	0.50
pident	50	55	0	0.00
pident	55	60	0	0.00
pident	60	65	0	0.00
pident	65	70	0	0.00
pident	70	75	0	0.00
pident	75	80	0	0.00
pident	80	85	0	0.00
pident	85	90	0	0.00
pident	90	95	0	0.00
pident	95	100	0	0.00
