AT5G15580.1	ZLC09G0015500.1	23.630	292	176	11	638	906	704	971	2.12e-06	52.4	927	978	29
AT1G18620.2	ZLC03G0024030.2	28.649	185	95	8	818	997	424	576	2.75e-10	64.7	1014	576	18
AT1G18620.2	ZLC03G0024030.1	28.649	185	95	8	818	997	598	750	2.99e-10	64.7	1014	750	18
AT1G18620.2	ZLC07G0007890.2	28.571	308	135	13	263	517	77	352	3.08e-08	58.2	1014	512	25
AT1G74160.1	ZLC07G0007890.1	28.065	310	131	13	722	1022	574	800	4.49e-13	73.9	1025	800	29
AT1G74160.1	ZLC07G0007890.1	25.559	313	167	11	221	498	98	379	8.47e-08	57.0	1025	800	27
AT1G74160.1	ZLC03G0000810.1	38.583	127	58	4	492	608	1	117	3.01e-08	53.9	1025	133	11
AT1G74160.1	ZLC03G0024030.1	26.230	183	105	8	822	1004	598	750	6.49e-08	57.4	1025	750	18
AT1G74160.1	ZLC03G0024030.2	26.230	183	105	8	822	1004	424	576	7.49e-08	57.0	1025	576	18
AT1G74160.1	ZLC07G0007890.2	25.879	313	166	11	221	498	68	349	4.10e-07	54.3	1025	512	27
AT3G05750.1	ZLC02G0027380.1	36.765	68	43	0	730	797	898	965	1.99e-07	55.5	801	969	8
AT3G05750.1	ZLC02G0027380.1	25.778	225	132	7	14	223	35	239	4.14e-07	54.3	801	969	26
AT3G05750.1	ZLC02G0027380.2	36.765	68	43	0	730	797	801	868	2.13e-07	55.1	801	872	8
AT3G05750.1	ZLC02G0027380.2	29.286	140	78	3	95	223	13	142	6.47e-07	53.5	801	872	16
AT5G26910.1	ZLC02G0027380.1	23.967	242	135	8	1	215	20	239	4.96e-06	50.8	853	969	25
AT2G45900.1	ZLC08G0008520.3	30.208	192	111	5	209	377	12	203	7.92e-10	62.8	720	634	23
AT2G45900.1	ZLC08G0008520.6	30.208	192	111	5	209	377	12	203	8.57e-10	62.4	720	635	23
AT2G45900.1	ZLC08G0008520.5	29.612	206	121	6	195	377	84	288	5.31e-10	63.2	720	720	25
AT2G45900.1	ZLC08G0008520.1	29.612	206	121	6	195	377	326	530	4.91e-10	63.5	720	962	25
AT2G45900.1	ZLC08G0008520.1	29.630	135	71	3	12	122	14	148	3.42e-06	51.2	720	962	15
AT2G45900.1	ZLC08G0008520.7	29.612	206	121	6	195	377	172	376	4.35e-10	63.5	720	808	25
AT2G45900.1	ZLC08G0008520.4	29.612	206	121	6	195	377	269	473	4.84e-10	63.5	720	905	25
AT2G45900.1	ZLC01G0003110.1	37.915	211	120	6	497	703	591	794	3.26e-26	115	720	803	29
AT2G45900.1	ZLC10G0016260.1	27.083	144	86	5	579	703	667	810	1.11e-08	59.3	720	815	17
AT4G00440.2	ZLC01G0003110.1	30.453	243	155	5	572	807	560	795	2.73e-19	93.6	835	803	28
AT4G00440.2	ZLC10G0016260.1	29.193	161	97	7	660	807	655	811	1.04e-10	65.9	835	815	18
AT4G00440.2	ZLC06G0004460.1	27.119	177	97	9	651	805	588	754	1.07e-06	52.8	835	757	19
AT1G01695.1	ZLC06G0004460.1	28.440	109	70	2	319	422	649	754	1.25e-06	51.2	433	757	24
AT2G20240.1	ZLC09G0018510.1	24.022	179	104	6	504	667	514	675	3.01e-08	57.8	713	732	23
AT3G53540.2	ZLC05G0024210.1	35.433	254	132	12	718	951	383	624	2.36e-18	90.5	955	625	25
AT3G53540.2	ZLC08G0008520.7	42.254	71	41	0	186	256	51	121	2.79e-07	55.1	955	808	7
AT3G53540.2	ZLC08G0008520.4	42.254	71	41	0	186	256	148	218	2.85e-07	55.1	955	905	7
AT3G53540.2	ZLC08G0008520.1	42.254	71	41	0	186	256	205	275	3.10e-07	55.1	955	962	7
AT2G17550.1	ZLC02G0023640.1	33.054	239	112	6	1	204	1	226	4.86e-27	118	779	887	26
AT2G17550.1	ZLC02G0023640.2	32.627	236	117	6	1	204	1	226	4.04e-27	118	779	699	26
AT4G25430.1	ZLC03G0024030.2	37.624	101	39	3	157	234	69	168	1.86e-07	53.9	459	576	17
AT5G02390.1	ZLC08G0008520.1	30.332	211	117	7	635	834	736	927	2.72e-18	90.5	835	962	24
AT5G02390.1	ZLC08G0008520.4	30.332	211	117	7	635	834	679	870	3.02e-18	90.5	835	905	24
AT5G02390.1	ZLC08G0008520.3	30.332	211	117	7	635	834	408	599	3.19e-18	89.7	835	634	24
AT5G02390.1	ZLC08G0008520.6	30.332	211	117	7	635	834	409	600	3.51e-18	89.7	835	635	24
AT5G02390.1	ZLC08G0008520.5	30.332	211	117	7	635	834	494	685	4.32e-18	89.7	835	720	24
AT5G02390.1	ZLC08G0008520.7	29.858	211	118	6	635	834	582	773	4.51e-18	89.7	835	808	24
AT5G02390.1	ZLC08G0008520.2	30.332	211	117	7	635	834	318	509	6.70e-18	88.6	835	544	24
AT1G07620.2	ZLC10G0016260.1	39.412	170	84	6	422	577	648	812	6.94e-22	100	578	815	27
AT1G07620.2	ZLC09G0018510.1	37.079	178	81	8	410	565	552	720	9.92e-15	77.8	578	732	27
AT1G07620.2	ZLC08G0008520.1	28.395	162	102	4	423	575	769	925	2.38e-11	67.4	578	962	26
AT1G07620.2	ZLC08G0008520.6	28.395	162	102	4	423	575	442	598	2.43e-11	67.0	578	635	26
AT1G07620.2	ZLC08G0008520.3	28.395	162	102	4	423	575	441	597	2.49e-11	67.0	578	634	26
AT1G07620.2	ZLC08G0008520.7	28.395	162	102	4	423	575	615	771	2.79e-11	67.0	578	808	26
AT1G07620.2	ZLC08G0008520.4	28.144	167	96	5	423	575	712	868	2.91e-11	67.0	578	905	26
AT1G07620.2	ZLC08G0008520.5	28.395	162	102	4	423	575	527	683	3.05e-11	66.6	578	720	26
AT1G07620.2	ZLC08G0008520.2	28.395	162	102	4	423	575	351	507	4.43e-11	65.9	578	544	26
AT1G07620.2	ZLC06G0001840.1	26.437	174	90	10	422	565	750	915	6.52e-06	49.7	578	939	25
AT1G07620.2	ZLC06G0001840.2	26.437	174	90	10	422	565	773	938	6.56e-06	49.7	578	962	25
AT1G07620.2	ZLC06G0001840.3	26.437	174	90	10	422	565	771	936	7.14e-06	49.7	578	960	25
AT1G63670.1	ZLC01G0003110.1	24.651	215	135	8	477	671	588	795	7.07e-06	50.1	689	803	28
AT1G67040.2	ZLC11G0023320.1	42.857	126	64	4	15	134	9	132	7.37e-17	81.6	828	260	14
AT1G67040.2	ZLC01G0024570.1	29.688	256	139	11	16	246	3	242	1.20e-14	79.0	828	924	28
AT1G67040.2	ZLC08G0015950.1	30.901	233	116	12	28	234	10	223	1.04e-08	59.7	828	910	25
AT5G42710.1	ZLC04G0003740.1	39.286	196	104	5	625	807	885	1078	2.46e-38	154	807	1082	23
AT5G42710.1	ZLC07G0010570.1	26.667	165	115	5	644	805	808	969	5.19e-09	60.5	807	972	20
AT5G42710.1	ZLC07G0010570.1	39.062	64	37	1	148	211	83	144	3.84e-07	54.3	807	972	8
AT5G42710.1	ZLC07G0010570.2	39.062	64	37	1	148	211	83	144	2.87e-07	54.7	807	785	8
AT3G24630.1	ZLC07G0010570.1	29.714	175	104	7	560	724	801	966	1.73e-13	74.7	724	972	23
AT3G24630.1	ZLC09G0004260.1	33.520	179	89	6	109	259	39	215	1.04e-10	65.5	724	736	21
AT3G24630.1	ZLC09G0004260.2	33.520	179	89	6	109	259	51	227	1.21e-10	65.5	724	748	21
AT3G24630.1	ZLC04G0003740.1	28.313	166	91	7	574	722	917	1071	3.11e-10	64.3	724	1082	21
AT3G24630.1	ZLC04G0003740.1	44.444	72	37	2	73	143	155	224	3.31e-07	54.3	724	1082	10
