AT3G02170.1	ZLC03G0009420.1	31.239	1114	518	45	1	903	1	1077	2.83e-85	296	905	1097	99
AT3G02170.1	ZLC02G0032550.1	30.452	1018	497	42	1	903	1	922	2.72e-82	285	905	943	99
AT5G15580.1	ZLC02G0032550.1	29.612	1030	529	37	1	927	1	937	4.21e-90	307	927	943	100
AT5G15580.1	ZLC03G0009420.1	31.272	1148	513	50	1	925	1	1095	7.70e-83	290	927	1097	99
AT1G18620.2	ZLC03G0009420.1	40.341	1113	480	37	52	1012	16	1096	0.0	578	1014	1097	95
AT1G18620.2	ZLC02G0032550.1	30.962	1040	514	37	54	1007	15	936	1.50e-91	313	1014	943	94
AT1G74160.1	ZLC03G0009420.1	44.190	1136	481	36	1	1023	1	1096	0.0	716	1025	1097	99
AT1G74160.1	ZLC02G0032550.1	33.459	1061	551	42	1	1024	1	943	1.42e-110	365	1025	943	99
AT3G63430.1	ZLC07G0007890.1	48.519	270	108	9	295	540	538	800	1.46e-62	219	540	800	46
AT3G63430.1	ZLC07G0007890.1	34.987	383	106	17	13	259	10	385	1.01e-31	130	540	800	46
AT3G63430.1	ZLC07G0007890.2	39.273	275	70	11	81	259	82	355	1.20e-29	122	540	512	33
AT3G63430.1	ZLC02G0032550.1	28.000	300	120	12	323	537	646	934	1.11e-11	68.2	540	943	40
AT3G05750.1	ZLC08G0015950.1	32.538	922	478	29	7	798	3	910	6.90e-109	354	801	910	99
AT3G05750.1	ZLC01G0024570.1	29.721	932	486	27	14	799	15	923	2.52e-87	296	801	924	98
AT3G58650.1	ZLC01G0024570.1	32.627	944	456	43	11	810	15	922	1.34e-92	311	820	924	98
AT3G58650.1	ZLC08G0015950.1	32.055	939	475	38	4	810	3	910	3.55e-92	310	820	910	98
AT5G26910.1	ZLC08G0015950.1	32.866	928	498	28	4	826	3	910	6.24e-118	380	853	910	96
AT5G26910.1	ZLC01G0024570.1	30.678	929	510	29	11	826	15	922	2.26e-89	303	853	924	96
AT4G00770.1	ZLC01G0004530.1	25.873	487	258	20	7	416	14	474	2.12e-24	105	440	480	93
AT4G00770.1	ZLC01G0015340.1	30.786	471	217	19	1	416	14	430	2.44e-24	105	440	438	95
AT4G00770.1	ZLC01G0015340.2	35.519	183	92	7	46	212	81	253	1.89e-13	70.9	440	286	38
AT4G11780.1	ZLC01G0004530.1	31.855	496	269	19	20	473	11	479	7.56e-46	166	473	480	96
AT4G11780.1	ZLC01G0015340.1	28.636	220	123	9	262	471	238	433	3.80e-08	55.8	473	438	44
AT4G23020.2	ZLC01G0004530.1	27.811	507	261	21	12	450	8	477	2.38e-29	120	452	480	97
AT4G23020.2	ZLC01G0015340.1	25.259	483	272	20	6	450	2	433	1.39e-12	69.7	452	438	98
AT2G36420.1	ZLC09G0024060.1	31.528	517	231	19	8	438	4	483	8.44e-45	163	439	494	98
AT2G36420.1	ZLC10G0018800.1	44.681	141	72	5	7	146	3	138	1.42e-23	103	439	515	32
AT2G36420.1	ZLC10G0018800.1	38.983	236	122	7	188	422	283	497	2.61e-18	87.4	439	515	54
AT5G03670.1	ZLC09G0024060.1	36.545	550	237	26	3	512	2	479	9.59e-66	221	516	494	99
AT5G03670.1	ZLC10G0018800.1	34.594	529	236	25	3	476	2	475	1.97e-45	167	516	515	92
AT5G03670.1	ZLC01G0004530.1	27.500	240	110	10	312	512	263	477	1.10e-09	61.2	516	480	39
AT5G03670.1	ZLC01G0015340.1	30.000	210	109	7	312	512	253	433	3.89e-08	56.2	516	438	39
AT2G45900.1	ZLC08G0008520.2	34.106	302	189	6	407	703	211	507	1.07e-41	160	720	544	41
AT2G45900.1	ZLC08G0008520.3	34.106	302	189	6	407	703	301	597	1.54e-41	161	720	634	41
AT2G45900.1	ZLC08G0008520.6	34.106	302	189	6	407	703	302	598	1.73e-41	161	720	635	41
AT2G45900.1	ZLC08G0008520.5	34.106	302	189	6	407	703	387	683	2.47e-41	161	720	720	41
AT2G45900.1	ZLC08G0008520.1	34.106	302	189	6	407	703	629	925	3.17e-41	162	720	962	41
AT2G45900.1	ZLC08G0008520.7	34.106	302	189	6	407	703	475	771	3.42e-41	162	720	808	41
AT2G45900.1	ZLC08G0008520.4	34.106	302	189	6	407	703	572	868	3.75e-41	162	720	905	41
AT3G61380.1	ZLC08G0008520.3	28.856	603	329	19	188	700	7	599	1.53e-50	187	718	634	71
AT3G61380.1	ZLC08G0008520.6	28.808	604	329	20	188	700	7	600	6.51e-49	182	718	635	71
AT3G61380.1	ZLC08G0008520.5	28.808	604	329	20	188	700	92	685	1.00e-48	183	718	720	71
AT3G61380.1	ZLC08G0008520.7	28.808	604	329	20	188	700	180	773	1.08e-48	184	718	808	71
AT3G61380.1	ZLC08G0008520.1	28.808	604	329	20	188	700	334	927	1.65e-48	184	718	962	71
AT3G61380.1	ZLC08G0008520.4	28.808	604	329	20	188	700	277	870	2.26e-48	184	718	905	71
AT3G61380.1	ZLC08G0008520.2	31.659	458	243	14	303	700	62	509	1.06e-46	174	718	544	55
AT3G61380.1	ZLC01G0003110.1	31.855	248	153	7	457	699	559	795	9.64e-21	97.8	718	803	34
AT4G00440.2	ZLC08G0008520.1	28.928	961	508	29	1	814	1	933	2.38e-84	290	835	962	97
AT4G00440.2	ZLC08G0008520.4	28.271	902	488	27	45	814	2	876	2.87e-70	249	835	905	92
AT4G00440.2	ZLC08G0008520.7	28.901	737	400	17	190	814	55	779	9.47e-66	235	835	808	75
AT4G00440.2	ZLC08G0008520.5	29.303	703	373	17	224	814	1	691	2.18e-62	224	835	720	71
AT4G00440.2	ZLC08G0008520.6	30.894	615	329	16	284	814	4	606	5.88e-61	218	835	635	64
AT4G00440.2	ZLC08G0008520.3	30.619	614	331	15	284	814	4	605	1.17e-60	217	835	634	64
AT4G00440.2	ZLC08G0008520.2	30.710	521	291	12	351	814	8	515	1.59e-51	189	835	544	56
AT1G01695.1	ZLC08G0008520.1	30.332	211	118	7	243	426	720	928	8.69e-19	89.7	433	962	42
AT1G01695.1	ZLC08G0008520.4	30.332	211	118	7	243	426	663	871	8.84e-19	89.7	433	905	42
AT1G01695.1	ZLC08G0008520.5	30.332	211	118	7	243	426	478	686	9.86e-19	89.4	433	720	42
AT1G01695.1	ZLC08G0008520.3	30.332	211	118	7	243	426	392	600	1.22e-18	89.0	433	634	42
AT1G01695.1	ZLC08G0008520.6	30.332	211	118	7	243	426	393	601	1.22e-18	89.0	433	635	42
AT1G01695.1	ZLC08G0008520.7	30.332	211	118	7	243	426	566	774	1.33e-18	89.0	433	808	42
AT1G01695.1	ZLC08G0008520.2	30.332	211	118	7	243	426	302	510	2.30e-18	87.8	433	544	42
AT1G01695.1	ZLC01G0003110.1	25.822	426	262	14	21	426	410	801	9.52e-16	80.1	433	803	94
AT2G20240.1	ZLC06G0001840.1	36.237	861	353	27	20	693	65	916	3.31e-118	377	713	939	95
AT2G20240.1	ZLC06G0001840.2	36.195	862	353	27	20	693	87	939	5.82e-118	377	713	962	95
AT2G20240.1	ZLC06G0001840.3	36.311	862	350	29	20	693	87	937	6.97e-117	374	713	960	95
AT2G20240.1	ZLC09G0015500.1	40.037	547	236	20	10	471	80	619	3.13e-73	256	713	978	65
AT2G20240.1	ZLC09G0015500.1	39.855	276	100	12	501	712	701	974	6.96e-42	164	713	978	30
AT2G20240.1	ZLC09G0019630.1	28.810	479	222	15	1	388	49	499	2.30e-25	112	713	997	54
AT2G20240.1	ZLC09G0019630.1	27.049	244	138	8	495	709	763	995	1.26e-07	55.8	713	997	30
AT2G20240.1	ZLC09G0019630.2	28.251	446	205	13	34	388	6	427	1.13e-22	104	713	925	50
AT2G20240.1	ZLC09G0019630.2	25.389	386	220	15	366	709	564	923	1.06e-07	55.8	713	925	48
AT2G20240.1	ZLC08G0008520.3	25.833	240	129	12	501	712	382	600	2.29e-12	70.9	713	634	30
AT2G20240.1	ZLC08G0008520.6	25.833	240	129	12	501	712	383	601	2.29e-12	70.9	713	635	30
AT2G20240.1	ZLC08G0008520.2	25.833	240	129	12	501	712	292	510	2.40e-12	70.5	713	544	30
AT2G20240.1	ZLC08G0008520.5	25.941	239	130	11	501	712	468	686	2.60e-12	70.9	713	720	30
AT2G20240.1	ZLC08G0008520.1	25.941	239	130	11	501	712	710	928	2.92e-12	70.9	713	962	30
AT2G20240.1	ZLC08G0008520.4	25.941	239	130	11	501	712	653	871	3.04e-12	70.9	713	905	30
AT2G20240.1	ZLC08G0008520.7	25.941	239	130	11	501	712	556	774	3.16e-12	70.5	713	808	30
AT3G53540.2	ZLC09G0019630.1	34.336	964	502	32	91	951	61	996	1.08e-119	389	955	997	90
AT3G53540.2	ZLC09G0019630.2	34.034	952	497	32	103	951	1	924	4.92e-115	375	955	925	89
AT3G53540.2	ZLC09G0015500.1	32.533	458	248	14	91	514	86	516	4.05e-37	151	955	978	44
AT3G53540.2	ZLC06G0001840.1	31.072	457	256	11	92	514	62	493	8.87e-36	147	955	939	44
AT3G53540.2	ZLC06G0001840.3	31.004	458	257	11	91	514	83	515	1.13e-35	147	955	960	44
AT3G53540.2	ZLC06G0001840.2	31.004	458	257	11	91	514	83	515	1.22e-35	146	955	962	44
AT4G28760.1	ZLC06G0001840.2	43.030	990	466	30	1	923	1	959	0.0	570	924	962	99
AT4G28760.1	ZLC06G0001840.3	42.799	986	472	28	1	923	1	957	0.0	569	924	960	99
AT4G28760.1	ZLC09G0015500.1	41.466	996	489	29	1	923	1	975	0.0	561	924	978	99
AT4G28760.1	ZLC06G0001840.1	42.916	967	455	29	23	923	1	936	0.0	548	924	939	98
AT4G28760.1	ZLC09G0019630.1	31.755	507	269	15	45	503	16	493	1.68e-41	165	924	997	50
AT4G28760.1	ZLC09G0019630.2	31.778	450	233	14	99	503	1	421	2.56e-33	139	924	925	44
AT5G43880.1	ZLC09G0015500.1	36.318	994	445	37	1	825	1	975	4.83e-138	434	836	978	99
AT5G43880.1	ZLC06G0001840.3	37.827	957	394	39	13	805	18	937	3.98e-133	421	836	960	95
AT5G43880.1	ZLC06G0001840.2	37.539	959	396	40	13	805	18	939	8.08e-133	420	836	962	95
AT5G43880.1	ZLC06G0001840.1	37.461	953	394	39	18	805	1	916	1.83e-129	410	836	939	94
AT5G43880.1	ZLC09G0019630.1	29.783	460	199	17	64	423	60	495	1.06e-29	127	836	997	43
AT5G43880.1	ZLC09G0019630.2	28.859	447	194	17	77	423	1	423	2.94e-24	109	836	925	42
AT5G43880.1	ZLC08G0008520.3	25.000	252	151	10	578	825	384	601	5.33e-06	50.4	836	634	30
AT2G17550.1	ZLC04G0024220.1	37.853	885	378	27	1	775	1	823	3.77e-144	444	779	824	99
AT2G17550.1	ZLC02G0023640.1	43.680	625	261	20	208	774	294	885	1.14e-131	413	779	887	73
AT2G17550.1	ZLC02G0023640.2	44.903	412	149	15	208	564	294	682	4.03e-78	266	779	699	46
AT4G25430.1	ZLC03G0024030.1	31.054	351	116	18	1	234	1	342	2.15e-19	91.7	459	750	51
AT5G51850.1	ZLC03G0024030.1	29.519	769	319	32	1	565	1	750	1.26e-40	157	590	750	96
AT5G51850.1	ZLC03G0024030.2	30.150	534	236	21	149	565	63	576	8.45e-29	121	590	576	71
AT5G62170.1	ZLC03G0024030.1	33.785	811	317	38	1	652	1	750	6.71e-79	267	703	750	93
AT5G62170.1	ZLC03G0024030.2	33.652	627	253	29	138	652	1	576	1.63e-57	205	703	576	73
AT5G02390.1	ZLC10G0016260.1	29.021	889	497	25	1	833	1	811	3.69e-82	281	835	815	99
AT5G02390.1	ZLC09G0018510.1	33.846	455	248	13	394	816	281	714	4.64e-56	206	835	732	51
AT5G02390.1	ZLC06G0004460.1	31.980	394	216	14	476	831	375	754	2.20e-33	138	835	757	43
AT1G07620.2	ZLC06G0004460.1	30.105	382	214	15	238	576	385	756	1.04e-22	103	578	757	59
AT1G63670.1	ZLC08G0008520.1	26.809	235	141	9	476	685	712	940	3.75e-08	57.4	689	962	30
AT1G63670.1	ZLC08G0008520.5	27.234	235	140	9	476	685	470	698	3.80e-08	57.4	689	720	30
AT1G63670.1	ZLC08G0008520.7	26.809	235	141	9	476	685	558	786	4.02e-08	57.4	689	808	30
AT1G63670.1	ZLC08G0008520.4	26.809	235	141	9	476	685	655	883	4.96e-08	57.0	689	905	30
AT2G39435.1	ZLC05G0024210.1	32.411	253	154	5	215	461	382	623	3.99e-26	112	464	625	53
AT2G39435.1	ZLC09G0019630.2	33.716	261	140	9	211	463	690	925	2.75e-19	91.7	464	925	55
AT2G39435.1	ZLC09G0019630.1	33.716	261	140	9	211	463	762	997	2.98e-19	91.7	464	997	55
AT1G67040.2	ZLC02G0027380.1	29.900	1000	471	44	9	827	16	966	1.02e-65	237	828	969	99
AT1G67040.2	ZLC02G0027380.2	27.033	910	439	42	94	827	9	869	1.18e-39	158	828	872	89
AT5G42710.1	ZLC04G0003740.1	38.504	361	150	16	9	306	1	352	1.33e-49	189	807	1082	37
AT3G24630.1	ZLC07G0010570.2	34.925	335	160	12	1	282	1	330	1.31e-32	135	724	785	39
AT3G24630.1	ZLC07G0010570.1	34.925	335	160	12	1	282	1	330	1.73e-32	135	724	972	39
